{"cameraMode":{"drawMode":0,"name":"Shaded","section":"Shading Mode"},"sceneLighting":true,"audioPlay":false,"sceneViewState":{"showFog":true,"showMaterialUpdate":false,"showSkybox":true,"showFlares":true,"showImageEffects":true,"showParticleSystems":true},"in2DMode":false,"pivot":{"x":-0.6000350713729858,"y":-2.7988667488098146,"z":-0.8156213760375977},"rotation":{"x":0.20581075549125672,"y":-0.01321495696902275,"z":0.002776685170829296,"w":0.978506326675415},"size":18.339611053466798,"orthographic":false}